episode,reward,steps,key,door,goal
1,1.04,7,1,1,1
2,1.04,7,1,1,1
3,1.04,7,1,1,1
4,1.04,7,1,1,1
5,1.04,7,1,1,1
6,1.04,7,1,1,1
7,1.04,7,1,1,1
8,1.04,7,1,1,1
9,1.04,7,1,1,1
10,1.04,7,1,1,1
11,-0.02,50,1,1,0
12,1.04,7,1,1,1
13,1.04,7,1,1,1
14,1.04,7,1,1,1
15,1.04,7,1,1,1
16,1.04,7,1,1,1
17,1.04,7,1,1,1
18,1.04,7,1,1,1
19,1.04,7,1,1,1
20,1.04,7,1,1,1
21,1.04,7,1,1,1
22,1.0,8,1,1,1
23,1.04,7,1,1,1
24,1.04,7,1,1,1
25,1.04,7,1,1,1
26,1.04,7,1,1,1
27,1.04,7,1,1,1
28,1.04,7,1,1,1
29,1.04,7,1,1,1
30,1.04,7,1,1,1
31,1.04,7,1,1,1
32,1.0,8,1,1,1
33,1.04,7,1,1,1
34,1.04,7,1,1,1
35,1.04,7,1,1,1
36,1.04,7,1,1,1
37,1.04,7,1,1,1
38,1.04,7,1,1,1
39,1.04,7,1,1,1
40,0.92,13,1,1,1
41,1.04,7,1,1,1
42,1.04,7,1,1,1
43,1.04,7,1,1,1
44,1.04,7,1,1,1
45,1.04,7,1,1,1
46,1.0,8,1,1,1
47,1.0,9,1,1,1
48,1.04,7,1,1,1
49,1.04,7,1,1,1
50,0.92,11,1,1,1
51,1.0,8,1,1,1
52,1.04,7,1,1,1
53,1.04,7,1,1,1
54,1.04,7,1,1,1
55,1.04,7,1,1,1
56,1.04,7,1,1,1
57,1.04,7,1,1,1
58,1.02,8,1,1,1
59,1.04,7,1,1,1
60,1.04,7,1,1,1
61,1.04,7,1,1,1
62,1.0,9,1,1,1
63,1.04,7,1,1,1
64,1.04,7,1,1,1
65,1.04,7,1,1,1
66,1.0,9,1,1,1
67,1.04,7,1,1,1
68,1.04,7,1,1,1
69,1.0,8,1,1,1
70,1.04,7,1,1,1
71,1.0,8,1,1,1
72,1.04,7,1,1,1
73,1.04,7,1,1,1
74,1.04,7,1,1,1
75,1.0,8,1,1,1
76,1.04,7,1,1,1
77,1.04,7,1,1,1
78,1.0,8,1,1,1
79,1.04,7,1,1,1
80,1.02,8,1,1,1
81,1.04,7,1,1,1
82,1.04,7,1,1,1
83,0.76,19,1,1,1
84,1.0,9,1,1,1
85,0.7,23,1,1,1
86,1.04,7,1,1,1
87,1.02,8,1,1,1
88,1.04,7,1,1,1
89,1.04,7,1,1,1
90,1.04,7,1,1,1
91,1.0,9,1,1,1
92,0.98,9,1,1,1
93,1.0,8,1,1,1
94,1.04,7,1,1,1
95,0.98,9,1,1,1
96,1.04,7,1,1,1
97,0.92,13,1,1,1
98,1.04,7,1,1,1
99,1.0,8,1,1,1
100,1.04,7,1,1,1
101,1.0,9,1,1,1
102,1.0,8,1,1,1
103,1.04,7,1,1,1
104,1.0,9,1,1,1
105,1.04,7,1,1,1
106,1.04,7,1,1,1
107,1.04,7,1,1,1
108,1.04,7,1,1,1
109,0.88,14,1,1,1
110,1.0,9,1,1,1
111,1.02,8,1,1,1
112,0.92,13,1,1,1
113,0.88,15,1,1,1
114,1.0,9,1,1,1
115,1.0,8,1,1,1
116,1.04,7,1,1,1
117,0.88,11,1,1,1
118,1.04,7,1,1,1
119,1.04,7,1,1,1
120,1.04,7,1,1,1
121,1.0,8,1,1,1
122,0.76,20,1,1,1
123,0.98,9,1,1,1
124,1.04,7,1,1,1
125,1.04,7,1,1,1
126,1.02,8,1,1,1
127,0.96,9,1,1,1
128,1.04,7,1,1,1
129,0.92,11,1,1,1
130,1.04,7,1,1,1
131,1.04,7,1,1,1
132,0.96,10,1,1,1
133,1.04,7,1,1,1
134,1.04,7,1,1,1
135,1.0,8,1,1,1
136,0.96,11,1,1,1
137,1.04,7,1,1,1
138,1.04,7,1,1,1
139,1.04,7,1,1,1
140,0.84,16,1,1,1
141,1.04,7,1,1,1
142,1.0,8,1,1,1
143,1.04,7,1,1,1
144,1.04,7,1,1,1
145,0.96,10,1,1,1
146,1.02,8,1,1,1
147,0.96,11,1,1,1
148,1.04,7,1,1,1
149,1.04,7,1,1,1
150,1.02,8,1,1,1
151,1.04,7,1,1,1
152,0.92,11,1,1,1
153,1.0,9,1,1,1
154,1.0,9,1,1,1
155,1.04,7,1,1,1
156,0.98,10,1,1,1
157,1.04,7,1,1,1
158,1.04,7,1,1,1
159,1.04,7,1,1,1
160,1.04,7,1,1,1
161,0.96,10,1,1,1
162,1.02,8,1,1,1
163,1.04,7,1,1,1
164,0.98,10,1,1,1
165,1.04,7,1,1,1
166,1.04,7,1,1,1
167,1.04,7,1,1,1
168,1.04,7,1,1,1
169,1.0,8,1,1,1
170,1.0,8,1,1,1
171,1.04,7,1,1,1
172,0.94,11,1,1,1
173,0.92,12,1,1,1
174,1.04,7,1,1,1
175,1.04,7,1,1,1
176,1.0,8,1,1,1
177,1.0,9,1,1,1
178,1.04,7,1,1,1
179,1.0,8,1,1,1
180,1.04,7,1,1,1
181,0.78,18,1,1,1
182,0.88,14,1,1,1
183,0.96,10,1,1,1
184,1.0,9,1,1,1
185,1.0,8,1,1,1
186,1.0,8,1,1,1
187,1.04,7,1,1,1
188,1.04,7,1,1,1
189,-0.08,50,1,1,0
190,0.94,12,1,1,1
191,1.04,7,1,1,1
192,0.96,10,1,1,1
193,1.0,8,1,1,1
194,1.04,7,1,1,1
195,1.02,8,1,1,1
196,0.96,9,1,1,1
197,1.0,9,1,1,1
198,-0.06,50,1,1,0
199,1.04,7,1,1,1
200,0.92,13,1,1,1
201,1.04,7,1,1,1
202,1.04,7,1,1,1
203,1.0,9,1,1,1
204,0.88,15,1,1,1
205,0.88,12,1,1,1
206,0.92,12,1,1,1
207,1.0,8,1,1,1
208,0.9,13,1,1,1
209,1.04,7,1,1,1
210,0.98,10,1,1,1
211,1.04,7,1,1,1
212,1.0,8,1,1,1
213,0.9,13,1,1,1
214,1.0,8,1,1,1
215,0.98,9,1,1,1
216,1.0,9,1,1,1
217,1.04,7,1,1,1
218,1.04,7,1,1,1
219,0.9,12,1,1,1
220,1.0,8,1,1,1
221,1.04,7,1,1,1
222,1.04,7,1,1,1
223,0.8,16,1,1,1
224,1.04,7,1,1,1
225,0.94,12,1,1,1
226,1.0,9,1,1,1
227,0.96,10,1,1,1
228,1.04,7,1,1,1
229,0.9,12,1,1,1
230,1.02,8,1,1,1
231,0.98,9,1,1,1
232,0.96,10,1,1,1
233,1.04,7,1,1,1
234,1.0,8,1,1,1
235,0.98,9,1,1,1
236,0.98,9,1,1,1
237,1.04,7,1,1,1
238,0.6,24,1,1,1
239,1.04,7,1,1,1
240,0.78,19,1,1,1
241,0.86,15,1,1,1
242,0.8,17,1,1,1
243,0.96,11,1,1,1
244,0.96,10,1,1,1
245,0.76,18,1,1,1
246,1.0,8,1,1,1
247,0.86,14,1,1,1
248,0.34,38,1,1,1
249,0.76,19,1,1,1
250,0.96,10,1,1,1
251,0.4,36,1,1,1
252,1.04,7,1,1,1
253,0.84,16,1,1,1
254,0.92,11,1,1,1
255,0.96,10,1,1,1
256,1.04,7,1,1,1
257,1.0,8,1,1,1
258,1.0,9,1,1,1
259,1.0,8,1,1,1
260,0.88,13,1,1,1
261,1.0,8,1,1,1
262,0.88,12,1,1,1
263,1.04,7,1,1,1
264,0.96,9,1,1,1
265,0.96,10,1,1,1
266,0.96,10,1,1,1
267,0.96,10,1,1,1
268,1.0,8,1,1,1
269,0.88,13,1,1,1
270,0.96,9,1,1,1
271,0.98,10,1,1,1
272,0.92,10,1,1,1
273,1.0,9,1,1,1
274,1.04,7,1,1,1
275,0.84,13,1,1,1
276,0.88,13,1,1,1
277,1.0,8,1,1,1
278,0.76,18,1,1,1
279,0.98,9,1,1,1
280,0.84,13,1,1,1
281,1.04,7,1,1,1
282,1.0,8,1,1,1
283,0.94,11,1,1,1
284,0.1,47,1,1,1
285,1.0,9,1,1,1
286,1.04,7,1,1,1
287,0.72,20,1,1,1
288,0.96,10,1,1,1
289,1.04,7,1,1,1
290,1.0,8,1,1,1
291,0.92,13,1,1,1
292,0.98,10,1,1,1
293,0.96,10,1,1,1
294,0.36,38,1,1,1
295,0.68,21,1,1,1
296,1.04,7,1,1,1
297,1.04,7,1,1,1
298,0.98,9,1,1,1
299,0.88,13,1,1,1
300,1.04,7,1,1,1
301,1.0,9,1,1,1
302,-0.16,50,1,1,0
303,0.32,40,1,1,1
304,0.8,17,1,1,1
305,1.04,7,1,1,1
306,0.72,18,1,1,1
307,1.04,7,1,1,1
308,0.96,10,1,1,1
309,1.0,9,1,1,1
310,0.88,14,1,1,1
311,1.04,7,1,1,1
312,1.04,7,1,1,1
313,1.04,7,1,1,1
314,1.0,8,1,1,1
315,0.84,15,1,1,1
316,0.78,18,1,1,1
317,0.84,13,1,1,1
318,0.94,12,1,1,1
319,0.7,22,1,1,1
320,1.0,9,1,1,1
321,0.64,25,1,1,1
322,0.92,13,1,1,1
323,0.92,11,1,1,1
324,0.74,19,1,1,1
325,0.86,12,1,1,1
326,0.96,11,1,1,1
327,0.86,12,1,1,1
328,0.96,11,1,1,1
329,1.0,8,1,1,1
330,0.76,15,1,1,1
331,0.76,17,1,1,1
332,0.94,10,1,1,1
333,0.9,12,1,1,1
334,0.96,10,1,1,1
335,1.04,7,1,1,1
336,0.92,13,1,1,1
337,0.96,10,1,1,1
338,0.84,14,1,1,1
339,0.98,9,1,1,1
340,0.54,28,1,1,1
341,0.96,10,1,1,1
342,0.78,18,1,1,1
343,0.92,13,1,1,1
344,1.04,7,1,1,1
345,0.88,15,1,1,1
346,0.68,23,1,1,1
347,0.58,29,1,1,1
348,0.98,9,1,1,1
349,1.0,9,1,1,1
350,0.92,10,1,1,1
351,0.98,9,1,1,1
352,0.92,12,1,1,1
353,0.86,14,1,1,1
354,0.86,14,1,1,1
355,0.92,12,1,1,1
356,0.78,15,1,1,1
357,0.92,13,1,1,1
358,0.74,20,1,1,1
359,1.02,8,1,1,1
360,0.92,11,1,1,1
361,0.84,13,1,1,1
362,0.84,13,1,1,1
363,1.0,9,1,1,1
364,0.88,13,1,1,1
365,0.82,18,1,1,1
366,0.96,10,1,1,1
367,0.94,11,1,1,1
368,0.78,17,1,1,1
369,0.8,16,1,1,1
370,0.96,9,1,1,1
371,0.98,9,1,1,1
372,0.96,10,1,1,1
373,0.98,9,1,1,1
374,0.98,10,1,1,1
375,0.88,14,1,1,1
376,1.0,8,1,1,1
377,0.86,13,1,1,1
378,0.78,17,1,1,1
379,0.82,17,1,1,1
380,1.04,7,1,1,1
381,0.3,42,1,1,1
382,0.84,14,1,1,1
383,0.94,11,1,1,1
384,0.7,19,1,1,1
385,0.92,11,1,1,1
386,0.96,10,1,1,1
387,0.96,10,1,1,1
388,1.0,8,1,1,1
389,0.9,11,1,1,1
390,0.88,13,1,1,1
391,1.0,8,1,1,1
392,0.7,21,1,1,1
393,0.96,9,1,1,1
394,0.9,12,1,1,1
395,0.92,11,1,1,1
396,0.2,43,1,1,1
397,0.98,10,1,1,1
398,0.62,23,1,1,1
399,0.92,12,1,1,1
400,1.0,8,1,1,1
401,0.64,22,1,1,1
402,0.96,11,1,1,1
403,0.72,19,1,1,1
404,1.02,8,1,1,1
405,1.0,8,1,1,1
406,0.84,16,1,1,1
407,0.76,15,1,1,1
408,1.02,8,1,1,1
409,0.98,9,1,1,1
410,0.96,10,1,1,1
411,0.58,26,1,1,1
412,0.76,19,1,1,1
413,0.9,12,1,1,1
414,0.82,17,1,1,1
415,0.84,15,1,1,1
416,0.94,12,1,1,1
417,0.8,15,1,1,1
418,0.76,19,1,1,1
419,0.5,27,1,1,1
420,-0.1,50,1,1,0
421,0.92,12,1,1,1
422,0.84,15,1,1,1
423,1.0,8,1,1,1
424,0.74,19,1,1,1
425,0.98,10,1,1,1
426,0.78,18,1,1,1
427,1.02,8,1,1,1
428,0.46,32,1,1,1
429,0.74,21,1,1,1
430,0.96,10,1,1,1
431,0.86,14,1,1,1
432,0.8,17,1,1,1
433,0.38,33,1,1,1
434,0.68,22,1,1,1
435,0.84,13,1,1,1
436,1.0,8,1,1,1
437,1.0,8,1,1,1
438,0.88,13,1,1,1
439,0.78,17,1,1,1
440,0.56,26,1,1,1
441,1.0,8,1,1,1
442,1.0,9,1,1,1
443,0.78,18,1,1,1
444,0.94,11,1,1,1
445,0.8,16,1,1,1
446,0.96,10,1,1,1
447,0.96,11,1,1,1
448,0.9,12,1,1,1
449,0.54,26,1,1,1
450,0.92,10,1,1,1
451,0.54,28,1,1,1
452,0.96,10,1,1,1
453,0.78,14,1,1,1
454,0.88,14,1,1,1
455,0.88,12,1,1,1
456,0.78,16,1,1,1
457,0.56,26,1,1,1
458,0.8,16,1,1,1
459,0.52,30,1,1,1
460,0.84,16,1,1,1
461,0.92,12,1,1,1
462,0.38,35,1,1,1
463,1.0,9,1,1,1
464,0.46,30,1,1,1
465,0.68,19,1,1,1
466,0.8,15,1,1,1
467,0.92,12,1,1,1
468,1.0,8,1,1,1
469,0.68,23,1,1,1
470,0.76,18,1,1,1
471,0.92,12,1,1,1
472,0.92,12,1,1,1
473,1.02,8,1,1,1
474,1.0,8,1,1,1
475,-0.2,50,1,1,0
476,0.36,30,1,1,1
477,0.64,24,1,1,1
478,0.96,9,1,1,1
479,0.4,32,1,1,1
480,0.9,13,1,1,1
481,0.74,17,1,1,1
482,0.98,9,1,1,1
483,1.0,9,1,1,1
484,0.88,11,1,1,1
485,0.92,11,1,1,1
486,0.88,12,1,1,1
487,0.92,13,1,1,1
488,0.92,12,1,1,1
489,0.84,15,1,1,1
490,0.94,11,1,1,1
491,0.84,15,1,1,1
492,0.96,10,1,1,1
493,0.78,16,1,1,1
494,0.44,32,1,1,1
495,0.8,17,1,1,1
496,0.84,14,1,1,1
497,0.9,12,1,1,1
498,1.04,7,1,1,1
499,0.42,33,1,1,1
500,0.48,28,1,1,1
501,0.92,11,1,1,1
502,0.34,35,1,1,1
503,0.04,47,1,1,1
504,0.84,16,1,1,1
505,0.62,26,1,1,1
506,0.88,14,1,1,1
507,0.9,12,1,1,1
508,-0.12,50,1,1,0
509,0.94,10,1,1,1
510,0.58,23,1,1,1
511,-0.3,50,1,1,0
512,1.0,8,1,1,1
513,0.74,16,1,1,1
514,0.78,18,1,1,1
515,0.14,42,1,1,1
516,0.12,44,1,1,1
517,0.66,22,1,1,1
518,0.82,15,1,1,1
519,0.7,23,1,1,1
520,0.64,22,1,1,1
521,0.82,16,1,1,1
522,0.8,15,1,1,1
523,0.58,26,1,1,1
524,0.8,16,1,1,1
525,0.7,20,1,1,1
526,0.9,13,1,1,1
527,0.68,19,1,1,1
528,0.56,24,1,1,1
529,0.84,13,1,1,1
530,0.36,35,1,1,1
531,0.98,10,1,1,1
532,0.86,14,1,1,1
533,0.78,19,1,1,1
534,0.68,20,1,1,1
535,0.68,21,1,1,1
536,0.74,21,1,1,1
537,-0.28,50,1,1,0
538,0.92,11,1,1,1
539,0.62,23,1,1,1
540,0.94,10,1,1,1
541,0.44,30,1,1,1
542,0.92,12,1,1,1
543,-0.1,50,1,1,1
544,0.56,22,1,1,1
545,0.92,10,1,1,1
546,0.76,15,1,1,1
547,0.76,18,1,1,1
548,0.48,29,1,1,1
549,1.0,9,1,1,1
550,0.76,19,1,1,1
551,0.88,12,1,1,1
552,0.82,15,1,1,1
553,-0.02,50,1,1,1
554,0.92,12,1,1,1
555,0.48,34,1,1,1
556,0.84,13,1,1,1
557,0.98,9,1,1,1
558,0.64,22,1,1,1
559,0.74,19,1,1,1
560,0.28,34,1,1,1
561,0.94,11,1,1,1
562,0.14,38,1,1,1
563,1.04,7,1,1,1
564,0.06,43,1,1,1
565,0.86,12,1,1,1
566,0.42,32,1,1,1
567,0.94,11,1,1,1
568,0.24,43,1,1,1
569,0.44,30,1,1,1
570,-0.32,50,1,1,0
571,0.34,37,1,1,1
572,0.46,31,1,1,1
573,0.64,22,1,1,1
574,-0.14,50,1,1,0
575,0.92,12,1,1,1
576,0.52,23,1,1,1
577,0.32,35,1,1,1
578,1.0,9,1,1,1
579,0.84,13,1,1,1
580,0.88,13,1,1,1
581,0.58,27,1,1,1
582,0.96,10,1,1,1
583,0.78,17,1,1,1
584,0.52,31,1,1,1
585,0.8,13,1,1,1
586,0.56,24,1,1,1
587,-0.26,50,1,1,0
588,0.6,23,1,1,1
589,0.96,9,1,1,1
590,0.54,25,1,1,1
591,0.16,40,1,1,1
592,0.94,12,1,1,1
593,0.36,31,1,1,1
594,0.5,32,1,1,1
595,-0.14,50,1,1,0
596,0.56,25,1,1,1
597,0.9,12,1,1,1
598,-0.34,50,1,1,0
599,0.62,25,1,1,1
600,0.64,23,1,1,1
601,0.92,11,1,1,1
602,0.84,14,1,1,1
603,0.76,16,1,1,1
604,-0.3,50,1,1,0
605,-0.3,50,1,1,0
606,0.72,21,1,1,1
607,0.86,14,1,1,1
608,-0.24,50,1,1,0
609,0.44,32,1,1,1
610,0.14,46,1,1,1
611,0.84,15,1,1,1
612,0.6,24,1,1,1
613,0.7,19,1,1,1
614,-0.24,50,1,1,0
615,0.58,23,1,1,1
616,0.06,44,1,1,1
617,0.06,45,1,1,1
618,0.76,17,1,1,1
619,0.68,22,1,1,1
620,0.8,17,1,1,1
621,0.74,19,1,1,1
622,0.1,43,1,1,1
623,0.52,29,1,1,1
624,0.9,13,1,1,1
625,-0.24,50,1,1,0
626,0.74,19,1,1,1
627,0.92,12,1,1,1
628,1.02,8,1,1,1
629,-0.08,49,1,1,1
630,0.6,25,1,1,1
631,0.42,29,1,1,1
632,0.38,33,1,1,1
633,-0.3,50,1,1,0
634,0.9,13,1,1,1
635,0.94,11,1,1,1
636,0.22,39,1,1,1
637,-0.18,50,1,1,0
638,-0.02,48,1,1,1
639,0.92,10,1,1,1
640,0.64,21,1,1,1
641,0.5,31,1,1,1
642,1.02,8,1,1,1
643,0.78,18,1,1,1
644,0.64,21,1,1,1
645,0.06,41,1,1,1
646,0.86,14,1,1,1
647,0.94,10,1,1,1
648,0.08,47,1,1,1
649,0.88,13,1,1,1
650,0.78,18,1,1,1
651,0.34,38,1,1,1
652,0.4,31,1,1,1
653,0.68,19,1,1,1
654,0.62,24,1,1,1
655,-0.2,50,1,1,0
656,0.82,17,1,1,1
657,0.64,24,1,1,1
658,0.78,17,1,1,1
659,-0.28,50,1,1,0
660,0.16,41,1,1,1
661,0.42,31,1,1,1
662,-0.18,50,1,1,0
663,0.44,28,1,1,1
664,1.04,7,1,1,1
665,0.7,20,1,1,1
666,-0.26,50,1,1,0
667,0.66,22,1,1,1
668,-0.42,50,1,1,0
669,0.62,20,1,1,1
670,0.14,40,1,1,1
671,-0.22,50,1,1,0
672,-0.32,50,1,1,0
673,0.96,9,1,1,1
674,-0.42,50,1,1,0
675,0.88,13,1,1,1
676,-0.24,50,1,1,0
677,0.3,33,1,1,1
678,-0.26,50,1,1,0
679,0.96,9,1,1,1
680,0.7,20,1,1,1
681,-0.26,50,1,1,0
682,0.22,37,1,1,1
683,0.52,29,1,1,1
684,0.58,22,1,1,1
685,0.62,24,1,1,1
686,0.68,22,1,1,1
687,0.54,21,1,1,1
688,0.5,24,1,1,1
689,0.28,36,1,1,1
690,0.98,9,1,1,1
691,0.3,36,1,1,1
692,0.66,20,1,1,1
693,0.48,27,1,1,1
694,0.62,22,1,1,1
695,0.64,23,1,1,1
696,-0.3,50,1,1,0
697,0.62,26,1,1,1
698,0.58,24,1,1,1
699,-0.24,50,1,1,0
700,0.7,21,1,1,1
701,-0.36,50,1,0,0
702,0.18,38,1,1,1
703,-0.04,50,1,1,1
704,0.38,32,1,1,1
705,0.4,31,1,1,1
706,-0.26,50,1,1,0
707,-0.4,50,1,1,0
708,-0.3,50,1,1,0
709,-0.32,50,1,0,0
710,0.54,24,1,1,1
711,0.48,27,1,1,1
712,-0.24,50,1,0,0
713,-0.2,50,0,0,0
714,-0.22,50,1,1,0
715,0.74,19,1,1,1
716,0.62,24,1,1,1
717,0.94,12,1,1,1
718,0.56,26,1,1,1
719,0.42,32,1,1,1
720,-0.3,50,1,1,0
721,0.64,23,1,1,1
722,0.36,31,1,1,1
723,0.42,28,1,1,1
724,0.84,15,1,1,1
725,0.16,42,1,1,1
726,0.78,18,1,1,1
727,-0.42,50,1,1,0
728,0.62,25,1,1,1
729,-0.26,50,1,1,0
730,0.84,14,1,1,1
731,-0.28,50,1,0,0
732,0.64,19,1,1,1
733,-0.24,50,1,1,0
734,0.74,18,1,1,1
735,0.02,47,1,1,1
736,0.9,11,1,1,1
737,0.66,21,1,1,1
738,0.96,10,1,1,1
739,-0.2,50,1,1,0
740,-0.2,50,1,0,0
741,0.48,25,1,1,1
742,0.0,47,1,1,1
743,0.96,10,1,1,1
744,0.42,29,1,1,1
745,0.6,22,1,1,1
746,-0.36,50,1,1,0
747,0.14,42,1,1,1
748,-0.48,50,1,1,0
749,0.82,13,1,1,1
750,-0.28,50,1,1,0
751,0.54,25,1,1,1
752,0.46,25,1,1,1
753,-0.3,50,1,0,0
754,-0.36,50,1,0,0
755,0.28,37,1,1,1
756,-0.32,50,1,1,0
757,-0.32,50,1,0,0
758,-0.3,50,1,0,0
759,0.88,12,1,1,1
760,-0.36,50,1,1,0
761,-0.28,50,1,1,0
762,-0.22,50,1,1,0
763,0.06,42,1,1,1
764,-0.32,50,1,1,0
765,-0.3,50,1,1,0
766,0.44,30,1,1,1
767,-0.16,50,1,1,0
768,-0.32,50,1,1,0
769,-0.34,50,0,0,0
770,-0.28,50,1,0,0
771,0.36,30,1,1,1
772,0.36,32,1,1,1
773,-0.34,50,1,0,0
774,-0.22,50,0,0,0
775,0.54,24,1,1,1
776,-0.32,50,1,1,0
777,0.9,11,1,1,1
778,-0.36,50,1,1,0
779,-0.32,50,1,1,0
780,-0.02,46,1,1,1
781,-0.02,44,1,1,1
782,-0.32,50,1,1,0
783,0.44,29,1,1,1
784,0.48,28,1,1,1
785,0.4,32,1,1,1
786,-0.38,50,0,0,0
787,0.06,38,1,1,1
788,-0.46,50,1,1,0
789,-0.02,44,1,1,1
790,-0.32,50,1,1,0
791,-0.36,50,1,1,0
792,-0.1,48,1,1,1
793,-0.24,50,1,0,0
794,-0.28,50,1,1,0
795,-0.24,50,1,1,0
796,-0.38,50,1,0,0
797,-0.46,50,1,1,0
798,0.18,42,1,1,1
799,0.26,37,1,1,1
800,-0.36,50,1,1,0
801,-0.34,50,1,1,0
802,-0.28,50,1,1,0
803,-0.42,50,0,0,0
804,0.66,22,1,1,1
805,-0.28,50,1,1,0
806,-0.3,50,1,0,0
807,-0.24,50,1,1,0
808,-0.24,50,1,1,0
809,-0.32,50,0,0,0
810,0.6,21,1,1,1
811,-0.34,50,1,1,0
812,0.22,37,1,1,1
813,0.48,28,1,1,1
814,0.46,29,1,1,1
815,-0.34,50,1,1,0
816,-0.3,50,0,0,0
817,-0.36,50,1,0,0
818,-0.2,50,1,1,0
819,0.44,25,1,1,1
820,-0.22,50,1,1,0
821,-0.28,50,1,0,0
822,-0.24,50,1,1,0
823,-0.26,50,1,1,0
824,0.5,25,1,1,1
825,-0.16,50,1,1,0
826,0.54,23,1,1,1
827,0.64,23,1,1,1
828,-0.16,50,1,1,0
829,-0.4,50,1,1,0
830,-0.32,50,1,1,0
831,-0.4,50,1,1,0
832,-0.44,50,1,0,0
833,-0.3,50,0,0,0
834,-0.22,50,1,0,0
835,-0.34,50,1,0,0
836,0.92,12,1,1,1
837,-0.38,50,0,0,0
838,-0.3,50,1,0,0
839,-0.34,50,1,1,0
840,-0.32,50,1,1,0
841,0.06,45,1,1,1
842,0.3,39,1,1,1
843,-0.3,50,1,0,0
844,-0.38,50,1,1,0
845,-0.32,50,1,1,0
846,0.18,37,1,1,1
847,0.2,40,1,1,1
848,-0.44,50,0,0,0
849,-0.06,49,1,1,1
850,-0.24,50,1,1,0
851,-0.24,50,0,0,0
852,-0.46,50,1,1,0
853,-0.42,50,0,0,0
854,-0.44,50,1,1,0
855,0.64,22,1,1,1
856,-0.34,50,1,1,0
857,-0.4,50,1,1,0
858,-0.28,50,1,1,0
859,-0.32,50,1,1,0
860,-0.18,50,1,1,0
861,-0.2,50,1,0,0
862,-0.08,49,1,1,1
863,0.82,13,1,1,1
864,-0.34,50,1,0,0
865,-0.38,50,1,0,0
866,-0.3,50,1,1,0
867,-0.44,50,1,0,0
868,0.26,35,1,1,1
869,-0.44,50,1,1,0
870,-0.36,50,1,1,0
871,-0.26,50,1,1,0
872,-0.34,50,1,0,0
873,-0.22,50,1,1,0
874,-0.42,50,1,1,0
875,-0.26,50,1,1,0
876,-0.24,50,1,0,0
877,-0.3,50,1,1,0
878,-0.26,50,1,0,0
879,-0.38,50,1,1,0
880,-0.46,50,1,0,0
881,-0.34,50,1,1,0
882,-0.34,50,1,1,0
883,-0.28,50,1,1,0
884,-0.28,50,1,1,0
885,-0.38,50,1,0,0
886,-0.44,50,0,0,0
887,-0.22,50,1,1,0
888,-0.4,50,0,0,0
889,-0.36,50,1,0,0
890,-0.26,50,1,1,0
891,-0.24,50,1,0,0
892,-0.4,50,1,0,0
893,-0.34,50,1,0,0
894,0.24,35,1,1,1
895,0.66,21,1,1,1
896,-0.38,50,1,1,0
897,-0.4,50,1,1,0
898,-0.3,50,1,1,0
899,-0.36,50,1,0,0
900,-0.5,50,1,1,0
901,-0.4,50,1,1,0
902,-0.34,50,1,1,0
903,0.26,37,1,1,1
904,-0.34,50,1,1,0
905,-0.54,50,1,1,0
906,0.7,19,1,1,1
907,-0.4,50,0,0,0
908,-0.3,50,1,0,0
909,-0.44,50,0,0,0
910,-0.3,50,1,1,0
911,-0.22,50,1,1,0
912,-0.36,50,1,0,0
913,-0.42,50,1,0,0
914,-0.42,50,1,0,0
915,-0.32,50,1,1,0
916,-0.3,50,1,1,0
917,-0.3,50,0,0,0
918,-0.26,50,1,1,0
919,-0.34,50,1,0,0
920,-0.38,50,1,1,0
921,-0.26,50,1,0,0
922,-0.32,50,1,1,0
923,-0.36,50,1,1,1
924,-0.46,50,1,1,0
925,-0.32,50,1,1,0
926,-0.38,50,1,0,0
927,-0.34,50,1,0,0
928,-0.28,50,1,1,0
929,-0.3,50,1,1,0
930,-0.42,50,1,1,0
931,-0.3,50,0,0,0
932,-0.3,50,0,0,0
933,-0.46,50,0,0,0
934,-0.5,50,0,0,0
935,-0.3,50,1,0,0
936,-0.26,50,1,0,0
937,-0.38,50,1,0,0
938,-0.26,50,0,0,0
939,-0.36,50,0,0,0
940,-0.28,50,1,0,0
941,-0.34,50,1,1,0
942,-0.32,50,1,0,0
943,-0.32,50,1,1,0
944,-0.34,50,1,0,0
945,-0.34,50,0,0,0
946,-0.34,50,1,0,0
947,-0.26,50,1,1,0
948,-0.32,50,0,0,0
949,-0.52,50,0,0,0
950,-0.3,50,0,0,0
951,-0.36,50,0,0,0
952,-0.46,50,0,0,0
953,-0.38,50,0,0,0
954,-0.38,50,1,1,0
955,-0.38,50,0,0,0
956,-0.36,50,1,1,0
957,-0.54,50,1,0,0
958,-0.32,50,1,1,0
959,-0.36,50,1,0,0
960,-0.28,50,1,1,0
961,-0.34,50,1,1,0
962,-0.44,50,1,0,0
963,-0.3,50,1,0,0
964,-0.38,50,1,1,0
965,-0.46,50,1,0,0
966,-0.38,50,0,0,0
967,-0.42,50,1,0,0
968,-0.4,50,1,0,0
969,-0.34,50,1,0,0
970,-0.36,50,0,0,0
971,-0.38,50,1,0,0
972,-0.38,50,0,0,0
973,-0.44,50,1,0,0
974,-0.38,50,1,0,0
975,-0.34,50,1,1,0
976,-0.32,50,1,0,0
977,-0.44,50,1,0,0
978,-0.32,50,1,1,0
979,-0.18,50,0,0,0
980,-0.42,50,0,0,0
981,-0.42,50,0,0,0
982,-0.42,50,0,0,0
983,-0.36,50,0,0,0
984,-0.4,50,0,0,0
985,-0.3,50,1,0,0
986,-0.44,50,1,0,0
987,-0.34,50,1,1,0
988,-0.4,50,1,0,0
989,-0.36,50,1,0,0
990,-0.38,50,1,0,0
991,-0.28,50,0,0,0
992,-0.32,50,1,1,0
993,-0.4,50,1,1,0
994,-0.28,50,1,0,0
995,-0.36,50,0,0,0
996,-0.4,50,1,0,0
997,-0.42,50,1,0,0
998,-0.38,50,0,0,0
999,-0.5,50,0,0,0
1000,-0.32,50,1,0,0
